Ronkonkoma - Ronkonkoma,12487
Central Islip - Ronkonkoma,11604
Brentwood - Central Islip,12483
Deer Park - Brentwood,12538
Wyandanch - Deer Park,15166
Farmingdale - Wyandanch,10591
Bethpage - Farmingdale,16564
Hicksville - Bethpage,15048
Port Washington - Port Washington,2902
Manhasset - Port Washington,451
Great Neck - Manhasset,3978
Flushing Main Street - Great Neck,223
Woodside - Flushing Main Street,5511
Kew Gardens - Kew Gardens,988
Woodside - Kew Gardens,1992
Bellerose - Bellerose,284
Queens Village - Bellerose,3115
Hollis - Queens Village,3932
Penn Station - Penn Station,188389
Penn Station - Woodside,85077
Penn Station - Flushing Main Street,10916
Penn Station - Murray Hill,9850
Penn Station - Broadway,9562
Penn Station - Auburndale,8915
Penn Station - Bayside,9770
Penn Station - Douglaston,8147
Penn Station - Little Neck,7023
Penn Station - Great Neck,6778
Penn Station - Manhasset,3865
Penn Station - Plandome,3367
Penn Station - Hicksville,38737
Hunterspoint Avenue - Hunterspoint Avenue,4446
Hunterspoint Avenue - Jamaica,2714
Hunterspoint Avenue - Mineola,1537
Penn Station - Forest Hills,35842
Penn Station - Kew Gardens,35435
Penn Station - Jamaica,116301
Penn Station - Lynbrook,17327
Penn Station - Rockville Centre,23454
Valley Stream - Valley Stream,2653
Rosedale - Valley Stream,5610
Laurelton - Rosedale,6420
Long Beach - Long Beach,3809
Island Park - Long Beach,3778
Oceanside - Island Park,4185
East Rockaway - Oceanside,4785
Centre Avenue - East Rockaway,5127
Lynbrook - Centre Avenue,5265
Jamaica - Lynbrook,8593
Jamaica - Jamaica,15492
Jamaica - Huntington,543
Jamaica - Greenlawn,912
Jamaica - Northport,415
Jamaica - Kings Park,349
Jamaica - Smithtown,298
Jamaica - St. James,259
Mineola - Mineola,6621
Mineola - Carle Place,10933
Mineola - Westbury,6097
Mineola - Hicksville,14346
Mineola - Syosset,391
Mineola - Cold Spring Harbor,362
Penn Station - St. Albans,12078
Penn Station - Massapequa Park,12942
Penn Station - Amityville,13190
Penn Station - Baldwin,21267
Penn Station - Freeport,22995
Penn Station - Merrick,17791
Penn Station - Bellmore,15308
Penn Station - Wantagh,12891
Penn Station - Seaford,15965
Penn Station - Massapequa,14995
Penn Station - Copiague,11106
Penn Station - Lindenhurst,9029
Valley Stream - Lynbrook,6251
Locust Manor - Laurelton,6402
Jamaica - Locust Manor,4070
Woodside - Jamaica,25201
Manhasset - Manhasset,1194
Woodside - Woodside,6346
Deer Park - Deer Park,2349
Pinelawn - Wyandanch,4729
Farmingdale - Pinelawn,4743
Jamaica - Mineola,16513
East Williston - East Williston,288
Mineola - East Williston,2628
Merillon Avenue - Mineola,14890
New Hyde Park - Merillon Avenue,12924
Floral Park - New Hyde Park,490
Queens Village - Floral Park,454
Jamaica - Hollis,2013
Central Islip - Central Islip,1083
Penn Station - New Hyde Park,23080
Penn Station - Merillon Avenue,21261
Penn Station - Mineola,37982
Penn Station - Carle Place,17115
Penn Station - Westbury,20880
Penn Station - Syosset,12141
Penn Station - Cold Spring Harbor,10109
Mineola - Bethpage,187
Bethpage - Bethpage,1479
Jamaica - Bethpage,2971
Kew Gardens - Jamaica,15649
Atlantic Terminal - Atlantic Terminal,18376
Atlantic Terminal - Nostrand Avenue,15166
Atlantic Terminal - East New York,15427
Port Jefferson - Port Jefferson,3261
Stony Brook - Port Jefferson,3259
St. James - Stony Brook,5054
Smithtown - St. James,5408
Kings Park - Smithtown,6146
Northport - Kings Park,6860
Greenlawn - Northport,7686
Huntington - Greenlawn,3570
Cold Spring Harbor - Huntington,9782
Syosset - Cold Spring Harbor,11005
Hicksville - Syosset,11447
Westbury - Hicksville,13753
Jamaica - Merillon Avenue,3605
Montauk - Montauk,936
Amagansett - Montauk,915
East Hampton - Amagansett,1109
Bridgehampton - East Hampton,1608
Southampton - Bridgehampton,1886
Hampton Bays - Southampton,2244
Westhampton - Hampton Bays,2511
Speonk - Westhampton,2624
Mastic Shirley - Speonk,3203
Bellport - Mastic Shirley,2586
Patchogue - Bellport,2626
Sayville - Patchogue,3804
Babylon - Sayville,883
Hicksville - Babylon,730
Far Rockaway - Far Rockaway,1169
Inwood - Far Rockaway,1169
Lawrence - Inwood,1373
Cedarhurst - Lawrence,1597
Woodmere - Cedarhurst,1940
Hewlett - Woodmere,2247
Gibson - Hewlett,2630
Valley Stream - Gibson,2494
Kings Park - Kings Park,733
Atlantic Terminal - Jamaica,5441
Forest Hills - Kew Gardens,14138
Woodside - Forest Hills,6642
Glen Cove - Glen Cove,219
Glen Street - Glen Cove,1597
Sea Cliff - Glen Street,1746
Glen Head - Sea Cliff,1964
Greenvale - Glen Head,2247
Roslyn - Greenvale,2339
Albertson - Roslyn,2738
East Williston - Albertson,2881
Jamaica - Valley Stream,3823
East New York - Jamaica,3457
Nostrand Avenue - East New York,3327
Hempstead - Hempstead,1389
Country Life Press - Hempstead,1389
Garden City - Country Life Press,1538
Nassau Boulevard - Garden City,1908
Stewart Manor - Nassau Boulevard,2353
Floral Park - Stewart Manor,2735
Bellerose - Floral Park,3349
Atlantic Terminal - St. Albans,1261
Atlantic Terminal - Lynbrook,886
Atlantic Terminal - Rockville Centre,1530
Atlantic Terminal - Baldwin,1357
Atlantic Terminal - Freeport,1241
Atlantic Terminal - Merrick,1109
Atlantic Terminal - Bellmore,913
Atlantic Terminal - Wantagh,765
Atlantic Terminal - Seaford,653
Wyandanch - Wyandanch,1076
Penn Station - Bethpage,19074
Penn Station - Farmingdale,17090
Rockville Centre - Rockville Centre,2432
Jamaica - Massapequa,1441
Jamaica - Massapequa Park,1332
Jamaica - Amityville,1704
Jamaica - Copiague,1162
Huntington - Huntington,8641
Babylon - Babylon,12679
Babylon - Bay Shore,3379
Babylon - Islip,334
Babylon - Great River,320
Babylon - Oakdale,293
[][],3714
['East Rockaway'][],1693
Smithtown - East Rockaway,165
['Smithtown'][],191
[]['Smithtown'],117
[]['East Hampton'],107
[]['Bridgehampton'],83
['Penn Station'][],1231
Penn Station - Country Life Press,344
Lynbrook - Rockville Centre,10210
West Hempstead - West Hempstead,283
Hempstead Gardens - West Hempstead,278
Lakeview - Hempstead Gardens,291
Malverne - Lakeview,318
Westwood - Malverne,375
St. Albans - Westwood,372
Jamaica - St. Albans,5955
Penn Station - Wyandanch,18352
Penn Station - Deer Park,13986
Penn Station - Brentwood,13574
Penn Station - Huntington,1419
Penn Station - Greenlawn,1335
Penn Station - Northport,1082
Penn Station - Kings Park,768
Lindenhurst - Babylon,9347
Copiague - Lindenhurst,10834
Amityville - Copiague,11698
Massapequa Park - Amityville,10749
Massapequa - Massapequa Park,12727
Seaford - Massapequa,14655
Wantagh - Seaford,12245
Bellmore - Wantagh,15299
Merrick - Bellmore,17295
Freeport - Merrick,15735
Baldwin - Freeport,17558
Rockville Centre - Baldwin,18969
Farmingdale - Farmingdale,2139
Penn Station - Smithtown,758
Penn Station - St. James,479
Penn Station - Stony Brook,255
Great Neck - Great Neck,2050
Little Neck - Great Neck,4141
Douglaston - Little Neck,4609
Bayside - Douglaston,4664
Auburndale - Bayside,4514
Broadway - Auburndale,4247
Murray Hill - Broadway,4242
Flushing Main Street - Murray Hill,4901
Baldwin - Baldwin,2047
Bay Shore - Bay Shore,681
Penn Station - Locust Manor,3458
Penn Station - Laurelton,3315
New Hyde Park - New Hyde Park,1646
Jamaica - New Hyde Park,14306
Penn Station - Pinelawn,4310
Penn Station - Central Islip,12070
Plandome - Port Washington,2445
Manhasset - Plandome,2648
Jamaica - Rockville Centre,5180
Hicksville - Ronkonkoma,412
Hicksville - Huntington,1111
Lindenhurst - Lindenhurst,1496
Murray Hill - Murray Hill,133
Murray Hill - Auburndale,605
Murray Hill - Bayside,17
Murray Hill - Douglaston,12
Murray Hill - Little Neck,9
Murray Hill - Great Neck,4
Murray Hill - Manhasset,3
Wantagh - Wantagh,1953
Wantagh - Massapequa,48
Wantagh - Massapequa Park,43
Wantagh - Amityville,1343
Wantagh - Copiague,38
Wantagh - Lindenhurst,36
Hicksville - Hicksville,10086
Hicksville - Cold Spring Harbor,293
Hicksville - Greenlawn,133
Hicksville - Northport,120
Hicksville - Kings Park,106
Hicksville - Smithtown,99
Hicksville - St. James,95
Bellmore - Bellmore,2175
Rockville Centre - Merrick,600
Speonk - Speonk,984
Oakdale - Sayville,4070
Great River - Oakdale,4288
Islip - Great River,4533
Bay Shore - Islip,5107
Jamaica - Babylon,2107
Penn Station - Valley Stream,6953
Penn Station - Centre Avenue,4745
Penn Station - East Rockaway,4381
Amityville - Babylon,798
Massapequa - Amityville,535
Bellmore - Massapequa,651
Freeport - Bellmore,787
Jamaica - Freeport,3696
Wantagh - Babylon,249
Freeport - Wantagh,419
Carle Place - Westbury,9111
Merrick - Merrick,2395
Carle Place - Carle Place,270
Carle Place - Hicksville,1735
Carle Place - Syosset,9
Carle Place - Cold Spring Harbor,9
Glen Street - Glen Street,149
Sayville - Sayville,1287
Floral Park - Floral Park,690
Mets-Willets Point - Mets-Willets Point,278
Northport - Northport,871
Northport - Smithtown,17
Northport - St. James,16
Northport - Stony Brook,13
Penn Station - Rosedale,3467
Atlantic Terminal - Massapequa,521
Atlantic Terminal - Massapequa Park,443
Atlantic Terminal - Amityville,379
Bayside - Bayside,1035
Lynbrook - Lynbrook,1824
Merillon Avenue - Merillon Avenue,591
Jamaica - Westbury,1485
Jamaica - Hicksville,7349
Jamaica - Syosset,1366
Jamaica - Cold Spring Harbor,1051
Mineola - Greenlawn,501
Syosset - Syosset,2420
New Hyde Park - Mineola,2252
Massapequa Park - Massapequa Park,1827
Southold - Southold,18
Mattituck - Southold,120
Riverhead - Mattituck,146
Yaphank - Riverhead,180
Medford - Yaphank,185
Jamaica - Bellmore,1583
Jamaica - Bay Shore,1036
Jamaica - Islip,613
Jamaica - Great River,580
Jamaica - Oakdale,556
Jamaica - Sayville,715
Woodside - Hicksville,789
Woodside - Bethpage,344
Woodside - Farmingdale,297
Woodside - Pinelawn,156
Woodside - Wyandanch,325
Woodside - Deer Park,272
Woodside - Brentwood,249
Woodside - Central Islip,200
Islip - Islip,555
Woodmere - Woodmere,310
Penn Station - Hollis,2107
Penn Station - Queens Village,1932
Penn Station - Bellerose,1766
Penn Station - Floral Park,1764
Penn Station - Stewart Manor,1015
Penn Station - Nassau Boulevard,729
Penn Station - Garden City,419
Jamaica - Seaford,2905
Atlantic Terminal - New Hyde Park,403
Atlantic Terminal - Merillon Avenue,391
Atlantic Terminal - Mineola,356
Atlantic Terminal - Carle Place,347
Atlantic Terminal - Westbury,505
Atlantic Terminal - Hicksville,372
Atlantic Terminal - Bethpage,434
Atlantic Terminal - Farmingdale,388
Atlantic Terminal - Wyandanch,346
Atlantic Terminal - Deer Park,277
Centre Avenue - Centre Avenue,345
Jamaica - Merrick,2819
St. Albans - Rockville Centre,4655
Oyster Bay - Oyster Bay,1051
Locust Valley - Oyster Bay,1051
Glen Cove - Locust Valley,1379
Brentwood - Brentwood,593
Hunterspoint Avenue - Hicksville,680
Hunterspoint Avenue - Syosset,521
Hunterspoint Avenue - Cold Spring Harbor,462
Hunterspoint Avenue - Huntington,675
Seaford - Seaford,1228
Forest Hills - Jamaica,1523
Massapequa - Massapequa,2104
Plandome - Plandome,386
Patchogue - Patchogue,1462
Penn Station - Oceanside,3137
Penn Station - Island Park,2456
Stony Brook - Stony Brook,1807
Penn Station - Mets-Willets Point,426
Jamaica - Carle Place,1450
Rosedale - Rosedale,853
Long Island City - Long Island City,699
Long Island City - Hunterspoint Avenue,697
Long Island City - Jamaica,456
Long Island City - Mineola,231
Long Island City - East Williston,33
Long Island City - Albertson,32
Long Island City - Roslyn,26
Long Island City - Greenvale,26
Long Island City - Glen Head,22
Long Island City - Sea Cliff,19
Long Island City - Glen Street,17
Hampton Bays - Hampton Bays,214
Patchogue - Mastic Shirley,944
Auburndale - Manhasset,232
Woodside - St. Albans,210
Woodside - Lynbrook,351
Woodside - Rockville Centre,472
Woodside - Baldwin,427
Woodside - Freeport,467
Woodside - Merrick,350
Woodside - Bellmore,289
Copiague - Copiague,869
St. Albans - Lynbrook,1032
Cold Spring Harbor - Cold Spring Harbor,1221
Babylon - Patchogue,682
Smithtown - Smithtown,745
Atlantic Terminal - Locust Manor,1210
Atlantic Terminal - Laurelton,1135
Atlantic Terminal - Rosedale,1067
Atlantic Terminal - Valley Stream,948
Atlantic Terminal - Gibson,482
Broadway - Bayside,751
Flushing Main Street - Broadway,1049
Westbury - Westbury,1189
Freeport - Seaford,1147
New Hyde Park - Carle Place,102
New Hyde Park - Westbury,99
New Hyde Park - Hicksville,53
New Hyde Park - Syosset,39
New Hyde Park - Cold Spring Harbor,37
East Rockaway - East Rockaway,410
Jamaica - Patchogue,614
Jamaica - Bellport,244
Jamaica - Mastic Shirley,416
Jamaica - Speonk,428
Jamaica - Westhampton,536
Jamaica - Hampton Bays,378
Jamaica - Southampton,293
Jamaica - Bridgehampton,248
Jamaica - East Hampton,161
Stewart Manor - Stewart Manor,413
Hunterspoint Avenue - Greenlawn,666
Oceanside - Oceanside,595
Woodside - Mineola,976
Nostrand Avenue - Nostrand Avenue,581
Woodside - Great Neck,672
Penn Station - Babylon,1394
Atlantic Terminal - Hollis,970
Atlantic Terminal - Queens Village,813
Atlantic Terminal - Bellerose,758
Penn Station - Bay Shore,1145
Penn Station - Islip,991
Penn Station - Great River,916
Penn Station - Oakdale,844
Jamaica - Baldwin,1958
Jamaica - Wantagh,1457
Jamaica - Lindenhurst,910
Atlantic Terminal - Westwood,89
Atlantic Terminal - Malverne,75
Atlantic Terminal - Lakeview,66
Atlantic Terminal - Hempstead Gardens,57
Penn Station - Westhampton,598
Penn Station - Southampton,497
Long Island City - Hicksville,127
Long Island City - Syosset,68
Hunterspoint Avenue - Northport,497
Hunterspoint Avenue - Kings Park,358
Oakdale - Oakdale,264
Jamaica - Centre Avenue,318
Jamaica - East Rockaway,288
Jamaica - Oceanside,216
Jamaica - Island Park,181
Woodside - Broadway,426
Woodside - Bayside,560
Woodside - Douglaston,308
Woodside - Little Neck,274
Penn Station - Sayville,584
Penn Station - Patchogue,384
Penn Station - Bellport,366
Rockville Centre - Freeport,284
Rockville Centre - Bellmore,256
Rockville Centre - Wantagh,244
Rockville Centre - Seaford,235
Massapequa Park - Babylon,255
Freeport - Freeport,1794
Jamaica - Farmingdale,2139
Penn Station - East Williston,697
Penn Station - Albertson,669
Mineola - Farmingdale,145
Mineola - Pinelawn,47
Mineola - Wyandanch,124
Mineola - Deer Park,141
Mineola - Brentwood,85
Mineola - Central Islip,75
Woodside - Murray Hill,429
Woodside - Auburndale,534
Hunterspoint Avenue - Smithtown,291
Atlantic Terminal - Floral Park,594
Penn Station - Roslyn,562
Penn Station - Greenvale,532
Penn Station - Glen Head,349
Penn Station - Sea Cliff,282
Freeport - Babylon,208
Jamaica - Wyandanch,1729
Glen Head - Glen Head,292
Sayville - Speonk,19
Sayville - Westhampton,19
Sayville - Hampton Bays,18
Sayville - Southampton,10
Sayville - Bridgehampton,9
Sayville - East Hampton,8
Sayville - Amagansett,8
Locust Manor - Locust Manor,367
['Patchogue'][],80
St. James - St. James,376
St. James - Centre Avenue,15
St. James - Massapequa Park,15
Belmont - St. James,15
['Belmont'][],52
Belmont - Hewlett,17
Belmont - Stony Brook,17
Belmont - East Rockaway,16
Belmont - Glen Cove,7
Atlantic Terminal - Stewart Manor,477
Babylon - Bellport,62
Massapequa Park - Copiague,51
Massapequa Park - Lindenhurst,48
Jamaica - Bellerose,511
Forest Hills - Forest Hills,1207
Roslyn - Roslyn,402
Bridgehampton - Bridgehampton,312
Bayside - Little Neck,118
Nassau Boulevard - Nassau Boulevard,442
Douglaston - Douglaston,416
Flushing Main Street - Auburndale,180
Mets-Willets Point - Flushing Main Street,178
Hunterspoint Avenue - Bay Shore,256
Hunterspoint Avenue - Sayville,183
Hunterspoint Avenue - Patchogue,137
Hunterspoint Avenue - Bellport,137
Hunterspoint Avenue - Mastic Shirley,134
Hunterspoint Avenue - Speonk,121
Hunterspoint Avenue - Westhampton,191
Hunterspoint Avenue - Hampton Bays,134
Hunterspoint Avenue - Southampton,119
Amityville - Amityville,834
Rockville Centre - Massapequa,211
Rockville Centre - Massapequa Park,190
Rockville Centre - Amityville,179
Rockville Centre - Copiague,166
Rockville Centre - Lindenhurst,144
Atlantic Terminal - Brentwood,266
Atlantic Terminal - Central Islip,239
Locust Valley - Locust Valley,331
Westwood - Westwood,55
Little Neck - Little Neck,571
Westhampton - Westhampton,281
East New York - East New York,754
Lynbrook - Baldwin,91
Lynbrook - Freeport,105
Lynbrook - Merrick,83
Rosedale - Gibson,158
Deer Park - Central Islip,221
Farmingdale - Deer Park,313
Bayside - Great Neck,318
Jamaica - Gibson,334
Jamaica - Hewlett,159
Jamaica - Woodmere,136
Jamaica - Cedarhurst,104
Jamaica - Lawrence,84
Jamaica - Inwood,47
Long Island City - Huntington,120
Auburndale - Auburndale,268
West Hempstead - East Rockaway,236
Broadway - West Hempstead,330
Broadway - Cold Spring Harbor,182
['Broadway'][],646
Broadway - Albertson,130
Mineola - Babylon,27
Mineola - Bay Shore,25
Mineola - Islip,23
Mineola - Great River,21
Mineola - Oakdale,20
Mineola - Sayville,17
Great River - Great River,271
Patchogue - Speonk,161
Bay Shore - Sayville,435
Flushing Main Street - Flushing Main Street,605
Flushing Main Street - Bayside,336
Flushing Main Street - Douglaston,169
Flushing Main Street - Little Neck,150
Flushing Main Street - Manhasset,40
Flushing Main Street - Plandome,37
Jamaica - Deer Park,1037
Hicksville - Farmingdale,151
Hicksville - Pinelawn,37
Hicksville - Wyandanch,151
Hicksville - Deer Park,132
Smithtown - East Hampton,2
Jamaica - Floral Park,509
Jamaica - Queens Village,432
Jamaica - Stewart Manor,294
Jamaica - Nassau Boulevard,248
Sea Cliff - Sea Cliff,224
Queens Village - Queens Village,396
Valley Stream - Westwood,18
Valley Stream - Malverne,14
Valley Stream - Lakeview,13
Greenlawn - Greenlawn,261
Broadway - Broadway,219
Jamaica - Brentwood,946
Penn Station - Mastic Shirley,307
Atlantic Terminal - Nassau Boulevard,369
Atlantic Terminal - Garden City,242
Atlantic Terminal - Country Life Press,213
East Rockaway - Mastic Shirley,169
Jamaica - Laurelton,539
Jamaica - Rosedale,611
Jamaica - East Williston,495
Jamaica - Albertson,451
Jamaica - Roslyn,391
Jamaica - Greenvale,355
Jamaica - Glen Head,320
Jamaica - Sea Cliff,276
Jamaica - Glen Street,215
Jamaica - Glen Cove,140
Jamaica - Locust Valley,73
Inwood - Inwood,205
Southampton - Southampton,406
St. Albans - St. Albans,218
Hunterspoint Avenue - Bethpage,212
Hunterspoint Avenue - Farmingdale,189
Hunterspoint Avenue - Wyandanch,171
Lawrence - Lawrence,223
Jamaica - Central Islip,809
Locust Manor - Valley Stream,240
Hicksville - Brentwood,112
Penn Station - Gibson,524
Penn Station - Hewlett,397
Penn Station - Woodmere,323
Penn Station - Cedarhurst,194
Penn Station - Lawrence,138
Woodside - Floral Park,67
Woodside - New Hyde Park,611
Woodside - Merillon Avenue,456
Woodside - Westbury,490
Woodside - Syosset,263
Woodside - Cold Spring Harbor,239
Penn Station - Glen Street,232
Penn Station - Glen Cove,159
Laurelton - Laurelton,397
['Bellerose'][],171
[]['Bellerose'],193
[]['Albertson'],189
[]['Cold Spring Harbor'],162
Island Park - Island Park,409
Atlantic Terminal - Centre Avenue,266
Atlantic Terminal - East Rockaway,257
Atlantic Terminal - Oceanside,222
Mineola - Huntington,223
Mineola - Northport,105
Mineola - Kings Park,105
Mineola - Smithtown,94
Mineola - St. James,90
Patchogue - Westhampton,49
Patchogue - Hampton Bays,34
Patchogue - Southampton,27
Patchogue - Bridgehampton,21
Patchogue - East Hampton,18
Patchogue - Amagansett,15
Hunterspoint Avenue - St. James,274
Hunterspoint Avenue - Stony Brook,170
East Hampton - East Hampton,457
Penn Station - Locust Valley,50
Atlantic Terminal - Hewlett,387
Atlantic Terminal - Woodmere,283
Atlantic Terminal - Cedarhurst,180
Atlantic Terminal - Lawrence,144
Atlantic Terminal - Inwood,105
[]['Southampton'],32
['Hampton Bays'][],88
Douglaston - Great Neck,7
Deer Park - Ronkonkoma,388
Woodside - Carle Place,476
Freeport - Amityville,357
Jamaica - Pinelawn,402
Lakeview - Lakeview,50
Lakeview - East Rockaway,32
Hempstead Gardens - Hempstead Gardens,173
Long Island City - Glen Cove,7
Mastic Shirley - Mastic Shirley,323
Woodside - Wantagh,259
Woodside - Seaford,306
Jamaica - Stony Brook,146
Woodside - Locust Manor,145
Woodside - Laurelton,141
Woodside - Rosedale,137
Woodside - Valley Stream,175
Woodside - Centre Avenue,115
Woodside - East Rockaway,114
Woodside - Oceanside,102
Woodside - Island Park,89
Cedarhurst - Cedarhurst,345
Atlantic Terminal - Copiague,327
Atlantic Terminal - Lindenhurst,259
Jamaica - Garden City,181
Jamaica - Country Life Press,146
Country Life Press - Country Life Press,152
Woodside - Mets-Willets Point,95
St. Albans - Freeport,499
Valley Stream - Hewlett,18
Valley Stream - Woodmere,14
Valley Stream - Cedarhurst,12
Valley Stream - Lawrence,11
Albertson - Albertson,141
Nostrand Avenue - Jamaica,177
Garden City - Garden City,370
Long Island City - Greenlawn,157
Hewlett - Hewlett,384
Greenport - Greenport,101
Southold - Greenport,101
Babylon - Mastic Shirley,109
Babylon - Speonk,111
Babylon - Westhampton,104
Babylon - Hampton Bays,93
Babylon - Southampton,65
Babylon - Bridgehampton,49
Forest Hills - Lynbrook,89
Forest Hills - Rockville Centre,159
Forest Hills - Baldwin,154
Forest Hills - Freeport,153
Forest Hills - Merrick,128
Forest Hills - Bellmore,120
Forest Hills - Wantagh,103
Forest Hills - Seaford,96
Forest Hills - Massapequa,93
Forest Hills - Massapequa Park,78
Forest Hills - Amityville,78
Forest Hills - Copiague,65
Hunterspoint Avenue - East Williston,223
Hunterspoint Avenue - Albertson,215
Hunterspoint Avenue - Roslyn,204
Hunterspoint Avenue - Greenvale,193
Hunterspoint Avenue - Glen Head,167
Hunterspoint Avenue - Sea Cliff,146
Hunterspoint Avenue - Glen Street,139
Penn Station - Bridgehampton,574
Woodside - Massapequa,220
East New York - St. Albans,17
East New York - Lynbrook,18
East New York - Rockville Centre,25
Plandome - Lindenhurst,168
Plandome - Country Life Press,168
Penn Station - East Hampton,363
Broadway - Hampton Bays,84
Broadway - East Rockaway,147
East Rockaway - Hampton Bays,254
Broadway - Bellerose,96
New Hyde Park - Hempstead Gardens,164
['New Hyde Park'][],330
New Hyde Park - West Hempstead,179
New Hyde Park - Hampton Bays,51
New Hyde Park - Mastic Shirley,44
New Hyde Park - East Rockaway,56
Gibson - Gibson,229
Woodside - Massapequa Park,223
Baldwin - Merrick,98
Baldwin - Bellmore,94
Baldwin - Wantagh,93
Baldwin - Seaford,93
Baldwin - Massapequa,70
Baldwin - Massapequa Park,65
Hunterspoint Avenue - Bridgehampton,93
Hunterspoint Avenue - East Hampton,64
Hunterspoint Avenue - Amagansett,44
Greenvale - Greenvale,99
Woodside - Hollis,16
Woodside - Queens Village,16
Woodside - Bellerose,15
Woodside - Stewart Manor,8
Woodside - Nassau Boulevard,6
Woodside - Garden City,4
Woodside - Country Life Press,4
New Hyde Park - Bethpage,10
Atlantic Terminal - Island Park,132
['Great Neck'][],33
Great Neck - Mineola,55
Great Neck - Islip,6
Long Island City - Babylon,38
Long Island City - Bay Shore,34
Long Island City - Islip,27
Long Island City - Great River,24
Long Island City - Oakdale,22
Long Island City - Sayville,17
Jamaica - Westwood,41
Hunterspoint Avenue - Glen Cove,86
Belmont - Belmont,12
Merrick - Wantagh,46
Merrick - Seaford,46
Merrick - Massapequa,44
['Westbury'][],706
Westbury - Baldwin,300
Westbury - East Rockaway,299
Hempstead - East Rockaway,192
['Hempstead'][],300
Hempstead - West Hempstead,100
Hempstead - New Hyde Park,139
Hunterspoint Avenue - Deer Park,142
Riverhead - Riverhead,35
Huntington - Northport,242
Huntington - Kings Park,220
Huntington - Smithtown,178
Penn Station - Inwood,48
Hicksville - Stony Brook,19
Jamaica - Amagansett,134
Lakeview - West Hempstead,8
Yaphank - Lakeview,8
['Yaphank'][],48
Yaphank - Wantagh,17
Hempstead - Hampton Bays,97
Hempstead - Mastic Shirley,62
Hempstead - Glen Cove,6
Valley Stream - Centre Avenue,30
Valley Stream - East Rockaway,27
Hollis - Hollis,196
Hicksville - Central Islip,89
Baldwin - Amityville,55
Baldwin - Copiague,53
Baldwin - Lindenhurst,51
Kew Gardens - Amityville,12
Kew Gardens - Copiague,12
Kew Gardens - Lindenhurst,12
Kew Gardens - Lynbrook,24
Kew Gardens - Rockville Centre,43
Kew Gardens - Baldwin,40
Kew Gardens - Freeport,38
Woodside - Amityville,303
Woodside - Copiague,233
Lakeview - Babylon,15
East New York - Yaphank,45
Islip - Oakdale,58
Islip - Sayville,10
Lynbrook - Bellmore,94
Lynbrook - Massapequa,77
Lynbrook - Amityville,60
['Glen Cove'][],178
Glen Cove - East Rockaway,66
Glen Cove - Malverne,18
Douglaston - Glen Cove,30
Douglaston - Kings Park,31
['Douglaston'][],82
Amityville - Lindenhurst,38
Atlantic Terminal - Syosset,67
Atlantic Terminal - Cold Spring Harbor,52
Farmingdale - Brentwood,48
Farmingdale - Central Islip,43
Bellmore - Seaford,43
Bellmore - Massapequa Park,38
Bellmore - Amityville,37
Bellmore - Copiague,33
Bellmore - Lindenhurst,28
Hunterspoint Avenue - Brentwood,101
Hunterspoint Avenue - Central Islip,95
Huntington - St. James,163
Huntington - Stony Brook,74
Long Island City - Cold Spring Harbor,62
Long Island City - Northport,138
Long Island City - Kings Park,115
Long Island City - Smithtown,96
Long Island City - St. James,87
Long Island City - Stony Brook,45
Lynbrook - Wantagh,74
Lynbrook - Seaford,73
Lynbrook - Massapequa Park,57
Lynbrook - Copiague,43
Lynbrook - Lindenhurst,37
['Deer Park'][],91
['Hicksville'][],108
Valley Stream - Rockville Centre,47
['West Hempstead'][],113
Nostrand Avenue - Locust Manor,37
Nostrand Avenue - Laurelton,32
Nostrand Avenue - Rosedale,23
Nostrand Avenue - Valley Stream,14
Nostrand Avenue - Gibson,11
Nostrand Avenue - Hewlett,11
Nostrand Avenue - Woodmere,10
Amagansett - Amagansett,192
Lakeview - Hampton Bays,18
[]['Lakeview'],8
['Long Island City'][],59
Long Island City - Medford,14
Long Island City - Wyandanch,12
Long Island City - Port Jefferson,9
East New York - Hollis,35
East New York - Queens Village,25
East New York - Bellerose,24
East New York - Floral Park,23
East New York - Stewart Manor,19
East New York - Nassau Boulevard,17
Locust Manor - Rosedale,9
Mattituck - Mattituck,29
Woodside - Babylon,10
Westbury - Hampton Bays,102
Westbury - West Hempstead,19
Mets-Willets Point - Murray Hill,74
Mets-Willets Point - Broadway,86
Mets-Willets Point - Auburndale,85
Mets-Willets Point - Bayside,71
Mets-Willets Point - Douglaston,62
Mets-Willets Point - Little Neck,54
Mets-Willets Point - Great Neck,52
Woodside - Lindenhurst,173
Great Neck - Plandome,13
Auburndale - Douglaston,14
['Laurelton'][],12
Laurelton - Patchogue,3
Laurelton - East Rockaway,5
Westbury - Laurelton,3
Mineola - Albertson,84
Mineola - Roslyn,82
Mineola - Greenvale,78
Mineola - Glen Head,65
Mineola - Sea Cliff,55
Mineola - Glen Street,51
Belmont - Oakdale,12
Belmont - Bay Shore,14
Mineola - Stony Brook,9
Hunterspoint Avenue - Locust Valley,45
Woodside - Manhasset,55
Woodside - Plandome,33
Syosset - Huntington,15
Hunterspoint Avenue - Babylon,61
Hunterspoint Avenue - Islip,99
Hunterspoint Avenue - Great River,40
Hunterspoint Avenue - Oakdale,38
Laurelton - Valley Stream,5
Yaphank - Hempstead Gardens,17
Hicksville - Westhampton,96
Kew Gardens - Hicksville,97
Hunterspoint Avenue - Kew Gardens,118
Hunterspoint Avenue - Great Neck,116
Freeport - Massapequa,68
Freeport - Massapequa Park,60
Freeport - Copiague,36
Freeport - Lindenhurst,33
Bay Shore - Great River,36
Bay Shore - Oakdale,43
Forest Hills - Floral Park,11
Forest Hills - New Hyde Park,35
Forest Hills - Merillon Avenue,26
Forest Hills - Mineola,32
Forest Hills - Westbury,18
Forest Hills - Hicksville,12
['Albertson'][],13
Westbury - Mastic Shirley,50
Westbury - Smithtown,69
Valley Stream - Baldwin,2
Valley Stream - Freeport,2
Valley Stream - Merrick,2
Valley Stream - Bellmore,2
Valley Stream - Wantagh,2
Mets-Willets Point - Plandome,13
Lynbrook - East Rockaway,22
Lynbrook - Oceanside,21
Lynbrook - Island Park,19
[]['West Hempstead'],9
Deer Park - Islip,52
['Hunterspoint Avenue'][],86
Penn Station - Speonk,156
Penn Station - Hampton Bays,110
Broadway - Hempstead,15
Broadway - Mastic Shirley,11
Broadway - Baldwin,12
Broadway - Westbury,11
East Hampton - Montauk,21
Merrick - Massapequa Park,43
Merrick - Amityville,39
Merrick - Copiague,38
Auburndale - Little Neck,12
Kings Park - St. James,9
Kings Park - Stony Brook,8
Merrick - Lindenhurst,34
[]['Westbury'],54
Queens Village - East Rockaway,72
Queens Village - Locust Valley,90
['Queens Village'][],167
Queens Village - Far Rockaway,33
Mineola - Glen Cove,34
Mineola - Locust Valley,26
Ronkonkoma - Medford,40
Ronkonkoma - Yaphank,35
Ronkonkoma - Riverhead,25
Ronkonkoma - Mattituck,18
Ronkonkoma - Southold,16
Seaford - Massapequa Park,31
Seaford - Amityville,34
Seaford - Copiague,29
Seaford - Lindenhurst,26
New Hyde Park - Baldwin,5
Hicksville - Bay Shore,7
Hicksville - Islip,7
Hicksville - Great River,6
Hicksville - Oakdale,5
Hicksville - Sayville,5
Hicksville - Patchogue,1
Hicksville - Bellport,1
Hicksville - Mastic Shirley,1
Hicksville - Speonk,1
Hicksville - Hampton Bays,1
Hicksville - Southampton,1
Hicksville - Bridgehampton,1
Hicksville - East Hampton,1
Hicksville - Amagansett,1
Malverne - Malverne,56
['Auburndale'][],52
Auburndale - Central Islip,10
Auburndale - Lynbrook,10
Auburndale - Plandome,10
Forest Hills - Hollis,7
Forest Hills - Queens Village,7
Forest Hills - Bellerose,5
Forest Hills - Stewart Manor,4
Westbury - Syosset,27
Westbury - Cold Spring Harbor,24
Kew Gardens - Mineola,21
Kew Gardens - Bethpage,4
Kew Gardens - Farmingdale,3
Valley Stream - Oceanside,19
Valley Stream - Island Park,11
Woodside - Gibson,5
East New York - Garden City,14
East New York - Country Life Press,13
Valley Stream - Seaford,1
Islip - Patchogue,3
Islip - Bellport,2
Queens Village - Westbury,5
Great Neck - Deer Park,11
['Bay Shore'][],3
Hempstead - Baldwin,60
Hempstead - Westbury,126
East New York - Locust Manor,24
East New York - Laurelton,21
East Rockaway - Bay Shore,52
East Rockaway - Oakdale,44
Little Neck - Manhasset,6
Westbury - Stony Brook,4
Mastic Shirley - Hampton Bays,9
['Mastic Shirley'][],2
Kings Park - Mastic Shirley,1
Kings Park - East Rockaway,1
['Kings Park'][],2
Yaphank - Yaphank,5
Nostrand Avenue - Hollis,21
Nostrand Avenue - Queens Village,13
Nostrand Avenue - Bellerose,13
Nostrand Avenue - Floral Park,9
Nostrand Avenue - Stewart Manor,9
Forest Hills - St. Albans,49
Babylon - East Hampton,40
Babylon - Amagansett,32
East New York - Baldwin,29
East New York - Freeport,20
East New York - Merrick,18
Jamaica - Malverne,27
Jamaica - Lakeview,21
Jamaica - Hempstead Gardens,20
Nostrand Avenue - Nassau Boulevard,7
Nostrand Avenue - Garden City,4
Nostrand Avenue - Country Life Press,4
[]['Sea Cliff'],12
[]['Nostrand Avenue'],14
[]['St. Albans'],12
[]['Auburndale'],7
[]['Plandome'],6
[]['Hampton Bays'],8
[]['East Rockaway'],35
['Bridgehampton'][],7
Smithtown - Bridgehampton,7
Penn Station - Ronkonkoma,4
Woodside - Hewlett,2
Woodside - Woodmere,2
Woodside - Cedarhurst,2
Woodside - Lawrence,2
New Hyde Park - East Williston,1
New Hyde Park - Albertson,1
New Hyde Park - Roslyn,1
New Hyde Park - Greenvale,1
New Hyde Park - Glen Head,1
New Hyde Park - Sea Cliff,1
New Hyde Park - Glen Street,1
New Hyde Park - Glen Cove,3
New Hyde Park - Locust Valley,1
East New York - Bellmore,15
East New York - Wantagh,52
East New York - Seaford,7
East New York - Massapequa,6
East New York - Massapequa Park,6
East New York - Amityville,5
East New York - Copiague,4
East New York - Lindenhurst,3
Bellport - Bellport,54
Penn Station - Amagansett,38
Douglaston - Bethpage,22
Douglaston - Nassau Boulevard,39
Bridgehampton - Amagansett,2
Manhasset - Lakeview,2
['Manhasset'][],53
Auburndale - St. Albans,5
Nostrand Avenue - Auburndale,3
Nostrand Avenue - St. Albans,18
Nostrand Avenue - Lynbrook,10
Nostrand Avenue - Rockville Centre,27
Nostrand Avenue - Baldwin,22
Nostrand Avenue - Freeport,19
Nostrand Avenue - Merrick,14
Nostrand Avenue - Bellmore,14
Nostrand Avenue - Wantagh,14
Nostrand Avenue - Seaford,14
Nostrand Avenue - Massapequa,13
Nostrand Avenue - Massapequa Park,13
Nostrand Avenue - Amityville,11
Nostrand Avenue - Copiague,10
Nostrand Avenue - Lindenhurst,10
Glen Cove - Bay Shore,17
Glen Cove - Oakdale,17
Glen Cove - Stony Brook,8
Glen Cove - Hewlett,7
Belmont - Massapequa Park,4
Belmont - Centre Avenue,4
Medford - Medford,20
St. Albans - Baldwin,17
Far Rockaway - Massapequa,39
['Far Rockaway'][],39
Locust Valley - Far Rockaway,39
Pinelawn - Pinelawn,10
Queens Village - Stewart Manor,7
Mets-Willets Point - Manhasset,14
Bayside - Manhasset,11
Bayside - Plandome,10
Forest Hills - Bethpage,1
Forest Hills - Farmingdale,1
East Williston - Roslyn,7
East Williston - Greenvale,7
East Williston - Glen Head,7
East Williston - Sea Cliff,7
East Williston - Glen Street,7
East Williston - Glen Cove,5
East Williston - Locust Valley,5
East New York - New Hyde Park,37
East New York - Merillon Avenue,8
East New York - Mineola,7
East New York - Carle Place,7
East New York - Westbury,15
East New York - Hicksville,7
Nassau Boulevard - Locust Manor,21
Nassau Boulevard - Bethpage,21
['Nassau Boulevard'][],42
Nassau Boulevard - Kings Park,21
Douglaston - Malverne,29
Valley Stream - Inwood,6
Greenlawn - Kings Park,7
Greenlawn - Smithtown,7
Greenlawn - St. James,7
Greenlawn - Stony Brook,5
East New York - Valley Stream,25
East New York - Gibson,9
Forest Hills - Valley Stream,11
Forest Hills - Centre Avenue,6
Forest Hills - East Rockaway,6
Forest Hills - Oceanside,4
Atlantic Terminal - Long Beach,1
East New York - Rosedale,16
Forest Hills - Lindenhurst,44
Forest Hills - Carle Place,17
Forest Hills - Syosset,5
Forest Hills - Cold Spring Harbor,5
Queens Village - Oakdale,21
Queens Village - Bay Shore,19
['Nostrand Avenue'][],1
Hampton Bays - Bridgehampton,10
Hampton Bays - East Hampton,3
Hampton Bays - Amagansett,2
Bay Shore - Patchogue,19
Bay Shore - Bellport,11
Bay Shore - Mastic Shirley,14
Bay Shore - Speonk,15
Bay Shore - Westhampton,14
Bay Shore - Hampton Bays,11
Bay Shore - Southampton,7
Bay Shore - Bridgehampton,7
Cold Spring Harbor - Greenlawn,2
Malverne - East Rockaway,11
['Malverne'][],9
['East Hampton'][],22
Broadway - Manhasset,3
Long Island City - Locust Valley,4
Westhampton - Southampton,9
Westhampton - Bridgehampton,8
Kew Gardens - Merrick,31
Kew Gardens - Bellmore,26
Kew Gardens - Wantagh,25
Kew Gardens - Seaford,22
Kew Gardens - Massapequa,18
Kew Gardens - Massapequa Park,13
Glen Cove - Smithtown,8
[]['Glen Cove'],6
['East New York'][],194
East New York - Hempstead Gardens,31
East New York - West Hempstead,26
East New York - Hempstead,9
East New York - Hampton Bays,27
East New York - East Rockaway,31
Kew Gardens - Hollis,3
Kew Gardens - Queens Village,3
Kew Gardens - Bellerose,3
Kew Gardens - Floral Park,7
Kew Gardens - Stewart Manor,3
Kew Gardens - Nassau Boulevard,3
Kew Gardens - Garden City,3
Kew Gardens - Country Life Press,2
East New York - Centre Avenue,8
East New York - Oceanside,7
East New York - Island Park,7
Bay Shore - East Hampton,6
Bay Shore - Amagansett,6
Woodside - Bay Shore,8
Valley Stream - Hempstead Gardens,11
Broadway - Douglaston,18
Broadway - Little Neck,14
Broadway - Great Neck,4
Sayville - Bellport,12
Sayville - Mastic Shirley,16
Auburndale - East Rockaway,8
Auburndale - Baldwin,7
Speonk - Hampton Bays,11
Plandome - East Rockaway,21
Manhasset - Lynbrook,18
Manhasset - Central Islip,23
Merillon Avenue - Westbury,21
Merillon Avenue - Hicksville,15
Merillon Avenue - Syosset,12
Merillon Avenue - Cold Spring Harbor,11
Douglaston - East Rockaway,18
New Hyde Park - Farmingdale,6
New Hyde Park - Wyandanch,5
Kew Gardens - St. Albans,10
Rosedale - Lynbrook,1
Rosedale - Centre Avenue,1
Rosedale - East Rockaway,1
East Rockaway - Island Park,11
['Speonk'][],4
Broadway - Glen Cove,6
East New York - Bethpage,14
East New York - Farmingdale,14
Westbury - Hewlett,3
Belmont - Westbury,3
Auburndale - Great Neck,3
Jamaica - Belmont,4
Bethpage - Pinelawn,5
Bethpage - Wyandanch,19
Bethpage - Deer Park,17
Bethpage - Brentwood,17
Bethpage - Central Islip,15
Speonk - Southampton,8
Belmont - Baldwin,1
Syosset - Greenlawn,13
Syosset - Northport,11
Syosset - Kings Park,10
Syosset - Smithtown,8
['Wyandanch'][],2
Wyandanch - Medford,1
Long Island City - Hampton Bays,7
Merillon Avenue - Carle Place,14
East New York - Westwood,4
East New York - Malverne,3
East New York - Lakeview,1
Nostrand Avenue - Centre Avenue,2
Nostrand Avenue - East Rockaway,2
Nostrand Avenue - Oceanside,2
Nostrand Avenue - Island Park,2
Murray Hill - Plandome,2
East Rockaway - Bridgehampton,8
Glen Head - Glen Street,5
Floral Park - Nassau Boulevard,3
Floral Park - Garden City,2
Floral Park - Country Life Press,2
Jamaica - Ronkonkoma,1
Glen Cove - Patchogue,2
Glen Cove - Laurelton,2
Albertson - West Hempstead,10
Kew Gardens - New Hyde Park,15
Kew Gardens - Merillon Avenue,12
Kew Gardens - Westbury,10
Massapequa - Copiague,23
Massapequa - Lindenhurst,22
Cold Spring Harbor - Northport,1
Cold Spring Harbor - Kings Park,1
Cold Spring Harbor - Smithtown,1
Cold Spring Harbor - St. James,1
Cold Spring Harbor - Stony Brook,1
Nostrand Avenue - Cedarhurst,6
Nostrand Avenue - Lawrence,5
['Sayville'][],7
Port Jefferson - Sayville,6
['Port Jefferson'][],18
Port Jefferson - Wyandanch,6
Port Jefferson - Medford,6
Queens Village - Nassau Boulevard,6
Queens Village - Garden City,6
Queens Village - Country Life Press,6
Jamaica - Long Beach,17
[]['Baldwin'],2
West Hempstead - Hampton Bays,4
West Hempstead - Mastic Shirley,3
Southampton - East Hampton,6
Southampton - Amagansett,6
Mastic Shirley - Westhampton,6
[]['Mastic Shirley'],6
[]['Kings Park'],6
[]['Malverne'],6
['Lakeview'][],6
New Hyde Park - Lakeview,6
New Hyde Park - Yaphank,12
New Hyde Park - Wantagh,6
East New York - Mastic Shirley,9
Westbury - Kings Park,5
Kew Gardens - Great Neck,6
Kew Gardens - Islip,6
Kew Gardens - Deer Park,8
['Kew Gardens'][],6
Kew Gardens - Wyandanch,2
Kew Gardens - Brentwood,2
Kew Gardens - Central Islip,2
Woodside - Islip,5
Woodside - Great River,5
Woodside - Oakdale,5
Woodside - Sayville,2
Woodside - Patchogue,2
Woodside - Bellport,2
East New York - Wyandanch,8
East New York - Deer Park,8
East New York - Brentwood,8
Forest Hills - Island Park,3
St. Albans - Merrick,8
St. Albans - Bellmore,8
St. Albans - Wantagh,7
St. Albans - Seaford,7
St. Albans - Massapequa,7
St. Albans - Massapequa Park,8
St. Albans - Amityville,5
St. Albans - Copiague,4
St. Albans - Lindenhurst,4
East New York - Central Islip,6
Greenvale - Sea Cliff,3
Greenvale - Glen Street,3
Greenvale - Glen Cove,3
Woodmere - Lawrence,2
Woodmere - Inwood,2
Long Island City - East Rockaway,4
Broadway - Plandome,1
Hunterspoint Avenue - Rockville Centre,5
Hunterspoint Avenue - Baldwin,4
[]['Amagansett'],3
['Jamaica'][],6
Westbury - East Hampton,3
Westbury - Bridgehampton,3
Forest Hills - Nassau Boulevard,1
Forest Hills - Garden City,1
Forest Hills - Country Life Press,1
Queens Village - Glen Cove,4
East Rockaway - East Hampton,6
Wyandanch - Brentwood,7
Bellerose - Stewart Manor,2
Bellerose - Nassau Boulevard,2
Bellerose - Garden City,1
['Oakdale'][],8
East Rockaway - Baldwin,5
Glen Cove - Mastic Shirley,4
Glen Cove - Hampton Bays,4
Bellport - Speonk,1
Great River - Sayville,5
Mastic Shirley - Southampton,2
Glen Head - Glen Cove,4
Glen Head - Locust Valley,1
['Central Islip'][],6
Central Islip - Lynbrook,5
Hempstead - Hempstead Gardens,1
Hempstead - Yaphank,1
Hempstead - Wantagh,1
Kew Gardens - Carle Place,7
Westhampton - East Hampton,5
Westhampton - Amagansett,4
Speonk - Bridgehampton,7
Syosset - St. James,6
Syosset - Stony Brook,3
Centre Avenue - Oceanside,2
Centre Avenue - Island Park,2
Westbury - Malverne,11
Douglaston - Westbury,14
Long Island City - Patchogue,1
Long Island City - Mastic Shirley,1
Long Island City - Speonk,1
Long Island City - Southampton,1
Long Island City - East Hampton,1
Long Island City - Amagansett,1
Long Island City - Montauk,1
[]['Lynbrook'],3
[]['Manhasset'],3
Douglaston - Baldwin,3
Wyandanch - Central Islip,5
Stewart Manor - Garden City,3
Stewart Manor - Country Life Press,3
['Locust Valley'][],2
['St. Albans'][],8
East New York - Hewlett,5
East New York - Woodmere,5
East New York - Cedarhurst,4
East New York - Lawrence,3
East New York - Inwood,3
Merillon Avenue - Bethpage,2
Merillon Avenue - Farmingdale,2
Merillon Avenue - Wyandanch,2
Merillon Avenue - Deer Park,2
Merillon Avenue - Brentwood,2
Merillon Avenue - Central Islip,2
Nassau Boulevard - Country Life Press,1
Kew Gardens - Syosset,1
Kew Gardens - Cold Spring Harbor,1
['Plandome'][],8
Plandome - Smithtown,2
['Stony Brook'][],2
Albertson - Greenvale,1
Albertson - Glen Head,1
Albertson - Sea Cliff,1
Albertson - Glen Street,1
Albertson - Glen Cove,1
Nostrand Avenue - Inwood,3
Islip - Mastic Shirley,1
Islip - Speonk,1
Islip - Westhampton,1
Stony Brook - Hewlett,1
Westbury - Bethpage,1
Westbury - Farmingdale,1
Westbury - Wyandanch,1
New Hyde Park - Deer Park,2
New Hyde Park - Brentwood,2
New Hyde Park - Central Islip,2
[]['Central Islip'],2
Manhasset - East Rockaway,2
Oakdale - Patchogue,1
Oakdale - Mastic Shirley,1
Oakdale - Speonk,1
Oakdale - Westhampton,1
Hempstead - Kings Park,1
Speonk - East Hampton,5
Speonk - Amagansett,5
Nostrand Avenue - Sea Cliff,2
Great River - Patchogue,2
Great River - Bellport,2
Penn Station - Port Washington,1
Hewlett - Cedarhurst,1
Hewlett - Lawrence,1
Hewlett - Inwood,1
Woodside - Inwood,1
Country Life Press - Lindenhurst,1
Little Neck - Plandome,2
Hempstead Gardens - East Rockaway,4
Plandome - Bridgehampton,1
Plandome - East Hampton,1
Forest Hills - Gibson,2
Centre Avenue - Long Beach,1
Plandome - Lakeview,2
Floral Park - Merillon Avenue,1
Mastic Shirley - Bridgehampton,1
Mastic Shirley - East Hampton,1
Mastic Shirley - Amagansett,1
Westwood - Lakeview,1
Westwood - Hempstead Gardens,1
['Wantagh'][],7
Yaphank - East Rockaway,1
Great Neck - Hicksville,2
Valley Stream - Far Rockaway,1
Jamaica - Hempstead,1
Manhasset - St. Albans,3
Albertson - Cold Spring Harbor,3
Douglaston - Manhasset,2
Laurelton - Lynbrook,2
Laurelton - Centre Avenue,2
Laurelton - Oceanside,2
Laurelton - Island Park,2
Forest Hills - Hewlett,1
Forest Hills - Woodmere,1
Douglaston - Plandome,2
Gibson - Woodmere,2
Gibson - Cedarhurst,2
Gibson - Lawrence,2
Gibson - Inwood,2
['Babylon'][],2
Locust Manor - Lynbrook,1
Locust Manor - Centre Avenue,1
Locust Manor - East Rockaway,1
Locust Manor - Oceanside,1
Locust Manor - Island Park,1
Plandome - Baldwin,1
Sea Cliff - Glen Cove,1
Atlantic Terminal - Hempstead,1
Locust Manor - Gibson,3
New Hyde Park - Huntington,1
New Hyde Park - Greenlawn,1
New Hyde Park - Northport,1
New Hyde Park - Kings Park,1
New Hyde Park - Smithtown,1
New Hyde Park - St. James,1
Rosedale - Hewlett,1
Yaphank - West Hempstead,1
Nostrand Avenue - Bethpage,1
Nostrand Avenue - Farmingdale,1
Woodside - Mastic Shirley,1
Greenvale - Locust Valley,1
Roslyn - Glen Head,1
Roslyn - Sea Cliff,1
Roslyn - Glen Street,1
Kew Gardens - Valley Stream,1
Kew Gardens - Centre Avenue,1
Kew Gardens - East Rockaway,1
Kew Gardens - Oceanside,1
Kew Gardens - Island Park,1
Locust Manor - Hewlett,2
Locust Manor - Woodmere,2
Locust Manor - Cedarhurst,2
Locust Manor - Lawrence,2
Locust Manor - Inwood,2
Smithtown - Stony Brook,1
Nostrand Avenue - Manhasset,1
